,G,A,V,L,I,M,F,W,P,S,T,C,Y,N,Q,D,E,K,R,H
G,0,289,258,0,0,0,0,47,0,119,0,56,0,0,0,50,45,0,76,0
A,238,0,462,0,0,0,0,0,85,72,228,0,0,0,0,10,28,0,0,0
V,405,872,0,774,867,329,165,0,0,0,0,0,0,0,0,27,45,0,0,0
L,0,0,658,0,191,156,693,64,227,160,0,0,0,0,65,0,0,0,52,22
I,0,0,708,149,0,301,97,0,0,70,321,0,0,24,0,0,0,4,7,0
M,0,0,741,174,354,0,0,0,0,0,216,0,0,0,0,0,0,16,9,0
F,0,0,251,759,254,0,0,0,0,168,0,82,89,0,0,0,0,0,0,0
W,49,0,0,37,0,0,0,0,0,20,0,61,0,0,0,0,0,0,84,0
P,0,232,0,574,0,0,0,0,0,106,68,0,0,0,51,0,0,0,28,32
S,425,453,0,94,251,0,214,62,181,0,233,129,76,201,0,0,0,0,59,0
T,0,919,0,0,505,293,0,0,75,142,0,0,0,27,0,0,0,23,16,0
C,145,0,0,0,0,0,134,191,0,152,0,0,328,0,0,0,0,0,122,0
Y,0,0,0,0,0,0,83,0,0,56,0,150,0,40,0,40,0,0,0,77
N,0,0,0,0,137,0,0,0,0,129,96,0,53,0,0,83,0,65,0,22
Q,0,0,0,407,0,0,0,0,27,0,0,0,0,0,0,0,61,34,111,75
D,240,137,75,0,0,0,0,0,0,0,0,0,35,58,0,0,54,0,0,17
E,223,106,109,0,0,0,0,0,0,0,0,0,0,0,52,36,0,40,0,0
K,0,0,0,0,16,92,0,0,0,0,51,0,0,118,26,0,98,0,24,0
R,539,0,0,228,23,199,0,204,75,171,99,80,0,0,95,0,0,77,0,79
H,0,0,0,60,0,0,0,0,31,0,0,0,177,28,96,23,0,0,130,0
*,104,0,0,150,0,0,0,241,0,68,0,47,297,0,95,0,91,58,27,0
