,G,A,V,L,I,M,F,W,P,S,T,C,Y,N,Q,D,E,K,R,H,X
G,0,53,23,0,0,0,0,1,0,72,0,6,0,0,0,44,55,0,78,0,0
A,61,0,88,0,0,0,0,0,70,20,138,0,0,0,0,10,25,0,0,0,0
V,49,308,0,90,213,113,9,0,0,0,0,0,0,0,0,21,17,0,0,0,0
L,0,0,87,0,35,35,57,2,249,108,0,0,0,0,10,0,0,0,43,5,0
I,0,0,341,31,0,64,5,0,0,10,121,0,0,17,0,0,0,4,1,0,0
M,0,0,206,17,49,0,0,0,0,0,172,0,0,0,0,0,0,5,2,0,0
F,0,0,19,67,19,0,0,0,0,43,0,6,7,0,0,0,0,0,0,0,0
W,6,0,0,3,0,0,0,0,0,8,0,4,0,0,0,0,0,0,170,0,0
P,0,25,0,41,0,0,0,0,0,34,23,0,0,0,23,0,0,0,18,14,0
S,156,85,0,19,10,0,16,2,182,0,78,12,4,205,0,0,0,0,30,0,0
T,0,388,0,0,87,59,0,0,61,59,0,0,0,22,0,0,0,13,13,0,0
C,18,0,0,0,0,0,11,3,0,41,0,0,51,0,0,0,0,0,211,0,0
Y,0,0,0,0,0,0,5,0,0,19,0,18,0,8,0,17,0,0,0,51,0
N,0,0,0,0,6,0,0,0,0,91,27,0,2,0,0,157,0,43,0,11,0
Q,0,0,0,2,0,0,0,0,20,0,0,0,0,0,0,0,58,30,360,34,0
D,60,22,10,0,0,0,0,0,0,0,0,0,5,40,0,0,93,0,0,13,0
E,57,10,9,0,0,0,0,0,0,0,0,0,0,0,36,76,0,54,0,0,0
K,0,0,0,0,3,7,0,0,0,0,20,0,0,50,29,0,189,0,44,0,0
R,132,0,0,22,0,5,0,6,57,45,10,14,0,0,93,0,0,103,0,69,0
H,0,0,0,8,0,0,0,0,18,0,0,0,30,15,54,22,0,0,291,0,0
*,0,0,0,0,0,0,0,0,0,0,0,0,0,0,0,0,0,0,0,0,0
